Primary,Model,Energy,Theta_Range,A1_UMD_REC,Err_UMD_REC,A1_UMD_MC,Err_UMD_MC,A1_SD_REC,Err_SD_REC,Theta_Bin_Idx
Helio,EPOS,18.0,0.3-16.2,0.0296,0.0019,0.0321,0.0018,0.0137,0.0015,0
Helio,EPOS,18.0,16.2-23.3,0.0501,0.0019,0.0553,0.0019,0.0321,0.0016,1
Helio,EPOS,18.0,23.3-29.0,0.0657,0.0019,0.0739,0.0019,0.0546,0.0016,2
Helio,EPOS,18.0,29.0-34.0,0.0754,0.002,0.0843,0.0019,0.074,0.0016,3
Helio,EPOS,18.0,34.0-38.7,0.0903,0.002,0.0999,0.0019,0.0972,0.0016,4
Helio,EPOS,18.0,38.7-43.2,0.0948,0.002,0.1059,0.002,0.1202,0.0017,5
Helio,EPOS,18.0,43.2-47.7,0.0945,0.0021,0.1085,0.002,0.1322,0.0018,6
Helio,EPOS,18.0,47.7-52.3,0.0915,0.0021,0.1057,0.002,0.133,0.0018,7
Helio,EPOS,18.0,52.3-57.0,0.0861,0.0022,0.1026,0.0021,0.116,0.002,8
Helio,EPOS,18.0,57.0-62.2,0.0688,0.0024,0.0867,0.0023,0.0761,0.0021,9
Helio,QGSJet,17.5,0.1-16.8,0.0204,0.0024,0.0231,0.0023,0.0183,0.0016,0
Helio,QGSJet,17.5,16.8-24.1,0.0451,0.0024,0.051,0.0023,0.0452,0.0016,1
Helio,QGSJet,17.5,24.1-30.0,0.0631,0.0024,0.0698,0.0024,0.0702,0.0017,2
Helio,QGSJet,17.5,30.0-35.2,0.0687,0.0024,0.0771,0.0023,0.0894,0.0017,3
Helio,QGSJet,17.5,35.2-40.1,0.0783,0.0024,0.0879,0.0023,0.1125,0.0017,4
Helio,QGSJet,17.5,40.1-44.9,0.0821,0.0026,0.0944,0.0025,0.1307,0.0018,5
Helio,QGSJet,17.5,44.9-49.7,0.0873,0.0027,0.0995,0.0026,0.1375,0.002,6
Helio,QGSJet,17.5,49.7-54.6,0.0873,0.003,0.1023,0.0029,0.129,0.0022,7
Helio,QGSJet,17.5,54.6-59.9,0.0779,0.0036,0.092,0.0034,0.0815,0.0025,8
Helio,QGSJet,17.5,59.9-65.7,0.0758,0.0057,0.0945,0.0054,0.0539,0.0038,9
Helio,SIBYLL,17.5,0.2-16.7,0.021,0.0023,0.0239,0.0022,0.0202,0.0016,0
Helio,SIBYLL,17.5,16.7-24.0,0.0433,0.0023,0.0505,0.0022,0.0436,0.0016,1
Helio,SIBYLL,17.5,24.0-29.8,0.0579,0.0024,0.0657,0.0023,0.0661,0.0017,2
Helio,SIBYLL,17.5,29.8-35.1,0.0611,0.0025,0.0699,0.0024,0.0854,0.0017,3
Helio,SIBYLL,17.5,35.1-40.0,0.0766,0.0024,0.0877,0.0023,0.1141,0.0017,4
Helio,SIBYLL,17.5,40.0-44.7,0.0818,0.0026,0.092,0.0025,0.1299,0.0019,5
Helio,SIBYLL,17.5,44.7-49.5,0.0865,0.0027,0.0996,0.0026,0.1404,0.002,6
Helio,SIBYLL,17.5,49.5-54.3,0.0768,0.0029,0.0918,0.0027,0.1216,0.0022,7
Helio,SIBYLL,17.5,54.3-59.5,0.0762,0.0033,0.0914,0.0032,0.0807,0.0024,8
Helio,SIBYLL,17.5,59.5-65.3,0.0785,0.0053,0.0943,0.005,0.052,0.0037,9
Hierro,SIBYLL,17.5,0.5-16.7,0.0208,0.0021,0.024,0.002,0.0221,0.0016,0
Hierro,SIBYLL,17.5,16.7-24.0,0.0395,0.0021,0.0441,0.0021,0.0454,0.0016,1
Hierro,SIBYLL,17.5,24.0-29.8,0.0511,0.0021,0.0581,0.0021,0.0645,0.0016,2
Hierro,SIBYLL,17.5,29.8-35.1,0.0614,0.0023,0.0689,0.0022,0.0843,0.0018,3
Hierro,SIBYLL,17.5,35.1-39.9,0.0691,0.0022,0.0795,0.0021,0.0987,0.0017,4
Hierro,SIBYLL,17.5,39.9-44.7,0.0727,0.0024,0.0841,0.0023,0.1105,0.0018,5
Hierro,SIBYLL,17.5,44.7-49.4,0.0784,0.0024,0.0903,0.0023,0.1112,0.0019,6
Hierro,SIBYLL,17.5,49.4-54.3,0.0737,0.0027,0.0863,0.0025,0.0976,0.0021,7
Hierro,SIBYLL,17.5,54.3-59.5,0.073,0.0028,0.087,0.0027,0.0708,0.0022,8
Hierro,SIBYLL,17.5,59.5-65.2,0.0738,0.0049,0.0887,0.0046,0.0428,0.0035,9
Oxigeno,SIBYLL,17.5,0.4-16.7,0.0227,0.0021,0.0249,0.0021,0.0197,0.0016,0
Oxigeno,SIBYLL,17.5,16.7-24.0,0.0447,0.0022,0.0507,0.0021,0.045,0.0016,1
Oxigeno,SIBYLL,17.5,24.0-29.8,0.053,0.0021,0.0601,0.0021,0.0639,0.0016,2
Oxigeno,SIBYLL,17.5,29.8-35.1,0.0618,0.0023,0.0694,0.0022,0.0851,0.0017,3
Oxigeno,SIBYLL,17.5,35.1-40.0,0.07,0.0023,0.0805,0.0023,0.1066,0.0018,4
Oxigeno,SIBYLL,17.5,40.0-44.7,0.0761,0.0025,0.0884,0.0024,0.1221,0.0018,5
Oxigeno,SIBYLL,17.5,44.7-49.4,0.0792,0.0025,0.0923,0.0024,0.1245,0.0019,6
Oxigeno,SIBYLL,17.5,49.4-54.3,0.0768,0.0026,0.0897,0.0025,0.1073,0.002,7
Oxigeno,SIBYLL,17.5,54.3-59.5,0.0754,0.0032,0.0896,0.003,0.0705,0.0023,8
Oxigeno,SIBYLL,17.5,59.5-65.2,0.0738,0.0055,0.0907,0.0052,0.0492,0.0039,9
Proton,SIBYLL,17.5,0.2-16.7,0.0263,0.0027,0.0292,0.0026,0.0195,0.0017,0
Proton,SIBYLL,17.5,16.7-24.0,0.042,0.0025,0.0478,0.0024,0.0438,0.0016,1
Proton,SIBYLL,17.5,24.0-29.8,0.0509,0.0026,0.0592,0.0025,0.0664,0.0017,2
Proton,SIBYLL,17.5,29.8-35.1,0.0669,0.0026,0.0748,0.0025,0.0915,0.0017,3
Proton,SIBYLL,17.5,35.1-40.0,0.0708,0.0027,0.0822,0.0026,0.1149,0.0018,4
Proton,SIBYLL,17.5,40.0-44.7,0.0824,0.0028,0.0944,0.0027,0.1426,0.002,5
Proton,SIBYLL,17.5,44.7-49.5,0.0869,0.0028,0.1005,0.0026,0.1535,0.002,6
Proton,SIBYLL,17.5,49.5-54.4,0.0824,0.0033,0.0979,0.0031,0.138,0.0023,7
Proton,SIBYLL,17.5,54.4-59.5,0.0752,0.0034,0.0916,0.0032,0.1019,0.0024,8
Proton,SIBYLL,17.5,59.5-65.3,0.0655,0.0059,0.0811,0.0056,0.0461,0.0039,9
