zenith_bin,phi_deg,delta_r_mean_m,delta_r_std_m,delta_r_sem_m
20-30,-170.0,-8.826587737553414,19.094973704138617,0.4030054246247148
20-30,-150.0,-8.02021204427774,19.065729313668935,0.41204541807750006
20-30,-130.0,-5.912189385687174,18.76634026945821,0.38953099159364685
20-30,-110.0,-2.6450651362372355,19.001609118381136,0.3919732671560625
20-30,-90.0,0.15063235128144842,19.57024689359593,0.4061301176598627
20-30,-70.0,3.419210418286072,19.12600031224836,0.3829798581516388
20-30,-50.0,6.031367465681289,19.356210009569594,0.3982725537467742
20-30,-30.0,8.154711706180228,19.526509850888868,0.3936124420718723
20-30,-10.0,9.77434328563568,18.710815227039433,0.3807449418569503
20-30,10.0,9.114354451821004,19.110358385553912,0.3850672875296219
20-30,30.0,8.658084472680065,19.233094647522112,0.3873831327900071
20-30,50.0,5.275417167739496,18.994309244355733,0.3837429963039505
20-30,70.0,3.4266542498972723,19.38538516078564,0.39333326474636565
20-30,90.0,0.19233808639483516,19.310434314499698,0.4009975021481111
20-30,110.0,-3.414082130457697,19.566232587469845,0.4026792195550763
20-30,130.0,-5.325129271834046,18.63091463583448,0.39506338859818385
20-30,150.0,-7.85371930624959,19.86267205615008,0.42521668666548607
20-30,170.0,-9.018464001402467,18.904810760311012,0.4080914309016823
30-40,-170.0,-14.816489916421897,20.60718806578771,0.4237436098933799
30-40,-150.0,-13.537004461258814,20.920585128889712,0.42535926120086215
30-40,-130.0,-10.156364231650365,20.88307900585131,0.4116141160859749
30-40,-110.0,-5.74335936109699,21.478726095583614,0.40913714769028187
30-40,-90.0,-0.5592130166371879,21.728955431940236,0.40602459546687325
30-40,-70.0,4.692988360481351,21.169233199611085,0.38746542905581366
30-40,-50.0,9.35052973600959,21.444493555656287,0.38951377953406213
30-40,-30.0,13.536914967972368,20.323324719666044,0.37074262285265164
30-40,-10.0,15.683256363794332,20.572736603875775,0.37473170733105426
30-40,10.0,15.73621376482404,20.248311795053706,0.3750973932322736
30-40,30.0,13.88110485333842,20.44821104503916,0.3721549178179235
30-40,50.0,10.47315156657587,21.241637603213817,0.3827477417147606
30-40,70.0,5.4771321577954115,21.082424582401625,0.38888461534663626
30-40,90.0,0.9061316193728016,20.774730395255748,0.39162765294157903
30-40,110.0,-5.071623166139459,21.669257330418453,0.41046444383482844
30-40,130.0,-9.394590582888554,21.137516780830772,0.41422229966609614
30-40,150.0,-12.551109868381001,20.201647233035718,0.40947415570940193
30-40,170.0,-14.45862507339741,21.072094929147042,0.425200271218796
40-50,-170.0,-19.43480049550441,25.155720427769545,0.5171653140559563
40-50,-150.0,-18.26292195094905,25.57247873196696,0.5137149150270685
40-50,-130.0,-13.527122608463147,28.330840559019027,0.5553999212748391
40-50,-110.0,-8.125378565627557,30.148866967029328,0.5606242135168075
40-50,-90.0,-0.6353174736028402,28.742662816267302,0.5130165104896008
40-50,-70.0,5.853094103263535,27.236355169137575,0.4776837901940484
40-50,-50.0,13.021739963737726,25.97854491938883,0.4448094061910466
40-50,-30.0,17.662582722314777,24.7678170917808,0.4211872707366965
40-50,-10.0,20.960563613363437,24.858698197853712,0.4197092969936325
40-50,10.0,20.970400807955375,25.12886435318545,0.4261578734770563
40-50,30.0,19.109996894410415,26.162311653647635,0.4469089607724707
40-50,50.0,14.806329868769415,28.169806784517093,0.4826824921414837
40-50,70.0,7.394051784295441,27.525245977354373,0.48031885411475045
40-50,90.0,0.9438201264239038,29.396422250561514,0.5206373498336587
40-50,110.0,-6.254584369638612,26.812326470830126,0.5012744508461271
40-50,130.0,-12.821091548266901,25.66722519137682,0.5019299079695118
40-50,150.0,-17.920985389430975,24.20510249235254,0.48400525847352577
40-50,170.0,-20.460763279842162,25.208338542145697,0.518137581600287
