D_m,Q_GeV,gamma,zenith_deg,radius_m,kinematic,UMD,SD_count
4000.0,0.1,2.4,35.0,600.0,0.100593072797251,0.23990266765710302,0.17277063683350372
4000.0,0.1,2.4,35.0,1200.0,0.11535546693257195,0.4173064941494905,0.2926509115863296
4000.0,0.1,2.4,35.0,1800.0,0.0470482505590171,0.5166927634832064,0.3241772907491932
4000.0,0.1,2.4,50.0,600.0,0.17029701044646825,0.39661912260288584,0.3104770491371821
4000.0,0.1,2.4,50.0,1200.0,0.18384370561616162,0.6462819144790034,0.5040584549296941
4000.0,0.1,2.4,50.0,1800.0,0.012463173947868736,0.7397299012574436,0.5148387543817173
4000.0,0.1,2.6,35.0,600.0,0.11019060740581306,0.2592074270328859,0.19190833388590978
4000.0,0.1,2.6,35.0,1200.0,0.12952448390417118,0.4487719396695018,0.3236778549763393
4000.0,0.1,2.6,35.0,1800.0,0.0636608462020582,0.5543530827975771,0.3623391786123507
4000.0,0.1,2.6,50.0,600.0,0.18633916747758636,0.4259553736392449,0.34062668971746224
4000.0,0.1,2.6,50.0,1200.0,0.2074739328498321,0.6837682876666877,0.5458873317623097
4000.0,0.1,2.6,50.0,1800.0,0.0404763130486921,0.778191512427705,0.5650583797462407
4000.0,0.1,2.8,35.0,600.0,0.1184706934068706,0.2783066218535604,0.21042735982077218
4000.0,0.1,2.8,35.0,1200.0,0.14197571356349917,0.47916115503976614,0.35295828256418177
4000.0,0.1,2.8,35.0,1800.0,0.07847694525935164,0.5898723176389729,0.3979123596575407
4000.0,0.1,2.8,50.0,600.0,0.2001308327662157,0.45442266639198586,0.3693412589671102
4000.0,0.1,2.8,50.0,1200.0,0.2281337529981766,0.717962271021209,0.5837714816346387
4000.0,0.1,2.8,50.0,1800.0,0.06548904376053678,0.8115852276700461,0.6096996749898598
4000.0,0.1,3.0,35.0,600.0,0.12554913006319002,0.2971876362819295,0.22823149594193065
4000.0,0.1,3.0,35.0,1200.0,0.15288310253872037,0.5084420849086632,0.380433652818534
4000.0,0.1,3.0,35.0,1800.0,0.09167112568533597,0.6232467209523606,0.4309012650120922
4000.0,0.1,3.0,50.0,600.0,0.21188393106826806,0.4819912462503592,0.3964944358087888
4000.0,0.1,3.0,50.0,1200.0,0.24614487981439978,0.7490098037854547,0.6178776826267379
4000.0,0.1,3.0,50.0,1800.0,0.08777386055063219,0.8404028845343972,0.6491495944238627
4000.0,0.15,2.4,35.0,600.0,0.1195982840041624,0.24030909960965693,0.1829484523380614
4000.0,0.15,2.4,35.0,1200.0,0.17218286971933255,0.41916229204241834,0.32422124293726573
4000.0,0.15,2.4,35.0,1800.0,0.14928576331873905,0.5180325545392206,0.38041039856054376
4000.0,0.15,2.4,50.0,600.0,0.20237164846628314,0.39668655623422366,0.32699007279267045
4000.0,0.15,2.4,50.0,1200.0,0.2817829027151229,0.6470983544713906,0.5506229118337937
4000.0,0.15,2.4,50.0,1800.0,0.1966176279381637,0.7396831677348942,0.5989540593356536
4000.0,0.15,2.6,35.0,600.0,0.12979558436183036,0.2596357660536239,0.2036927025226221
4000.0,0.15,2.6,35.0,1200.0,0.1869255280542441,0.4506095276908299,0.3576058898702597
4000.0,0.15,2.6,35.0,1800.0,0.16648777222428207,0.5556499383733321,0.4207498563962659
4000.0,0.15,2.6,50.0,600.0,0.21926752288392037,0.42602742520416986,0.3593835831332985
4000.0,0.15,2.6,50.0,1200.0,0.3055638020636321,0.6845305875006867,0.5934339140171525
4000.0,0.15,2.6,50.0,1800.0,0.22501202311732635,0.7781625964758713,0.6471134912537817
4000.0,0.15,2.8,35.0,600.0,0.138315492819637,0.2787559717075303,0.223793352117788
4000.0,0.15,2.8,35.0,1200.0,0.199483533132469,0.48097410559605974,0.38893030659655603
4000.0,0.15,2.8,35.0,1800.0,0.18137533129191974,0.5911215033356462,0.45795319885138963
4000.0,0.15,2.8,50.0,600.0,0.23332273910709564,0.4544989643511618,0.39020061297842135
4000.0,0.15,2.8,50.0,1200.0,0.3256545096342592,0.7186699446376738,0.6316799643441373
4000.0,0.15,2.8,50.0,1800.0,0.2494551044915633,0.8115703382149995,0.688928594599391
4000.0,0.15,3.0,35.0,600.0,0.14533692689444827,0.2976569793746801,0.2430894698543459
4000.0,0.15,3.0,35.0,1200.0,0.2101320567916906,0.5102245295123944,0.41809586695795486
4000.0,0.15,3.0,35.0,1800.0,0.1942371229941847,0.6244444656007792,0.49203927689147015
4000.0,0.15,3.0,50.0,600.0,0.24486291038980168,0.48207137800887745,0.4192243150668898
4000.0,0.15,3.0,50.0,1200.0,0.3425673388164301,0.7496633200270268,0.6655899927079437
4000.0,0.15,3.0,50.0,1800.0,0.2704645742405635,0.8403987228341102,0.7250111905509768
4000.0,0.2,2.4,35.0,600.0,0.13176465409488441,0.24151858807055004,0.19145738044212318
4000.0,0.2,2.4,35.0,1200.0,0.20544248942277488,0.42271535231234575,0.3466966285332138
4000.0,0.2,2.4,35.0,1800.0,0.20648610792366193,0.5223949870633835,0.4162575298091936
4000.0,0.2,2.4,50.0,600.0,0.22272451569766175,0.39734540082433667,0.34058724023940823
4000.0,0.2,2.4,50.0,1200.0,0.33718024680279546,0.6493120872466877,0.5816503546634512
4000.0,0.2,2.4,50.0,1800.0,0.2961538839522761,0.7423873732458351,0.6468909351325917
4000.0,0.2,2.6,35.0,600.0,0.14211437821822873,0.26094197589257095,0.21351996099209947
4000.0,0.2,2.6,35.0,1200.0,0.22005063354418353,0.4541972282198329,0.3815526030850323
4000.0,0.2,2.6,35.0,1800.0,0.2233465403693139,0.5598999159285197,0.4575756129949863
4000.0,0.2,2.6,50.0,600.0,0.23976328104093483,0.4267190139612888,0.37476237597975764
4000.0,0.2,2.6,50.0,1200.0,0.36014435458975674,0.6866284145521925,0.6246850905359828
4000.0,0.2,2.6,50.0,1800.0,0.3231025498417163,0.780579946999093,0.6929877629340433
4000.0,0.2,2.8,35.0,600.0,0.1504972749314929,0.280156727832029,0.2348542292511826
4000.0,0.2,2.8,35.0,1200.0,0.23215849857583987,0.4845787187245445,0.41402417021303245
4000.0,0.2,2.8,35.0,1800.0,0.23758110333138988,0.5952393793728268,0.4953145484714166
4000.0,0.2,2.8,50.0,600.0,0.25349864131273364,0.45521976174171525,0.40714096128516014
4000.0,0.2,2.8,50.0,1200.0,0.37899619777100507,0.7206445900105287,0.6626564344450926
4000.0,0.2,2.8,50.0,1800.0,0.34566107362300535,0.8137146072651281,0.7323299854899454
4000.0,0.2,3.0,35.0,600.0,0.1571728923941259,0.2991492297211532,0.25523031954264036
4000.0,0.2,3.0,35.0,1200.0,0.24214207590150208,0.5138289980465065,0.4439923626465653
4000.0,0.2,3.0,35.0,1800.0,0.2495798122849898,0.6284139047041576,0.5295263802389719
4000.0,0.2,3.0,50.0,600.0,0.26439442734210644,0.48281757901610173,0.4374183756306924
4000.0,0.2,3.0,50.0,1200.0,0.3944162366629887,0.7515105600165306,0.695871059146091
4000.0,0.2,3.0,50.0,1800.0,0.3645341187878785,0.8422878856534314,0.7657017247985975
4000.0,0.25,2.4,35.0,600.0,0.14055533239235668,0.24361494663904423,0.19891817943899276
4000.0,0.25,2.4,35.0,1200.0,0.22786630284928838,0.42825501662012505,0.3643987236458967
4000.0,0.25,2.4,35.0,1800.0,0.24369448083184195,0.5297451652394822,0.44247751837894034
4000.0,0.25,2.4,50.0,600.0,0.23733383049499085,0.3989536336795839,0.35237714744875326
4000.0,0.25,2.4,50.0,1200.0,0.37357656549977136,0.6534514189104934,0.604958302806451
4000.0,0.25,2.4,50.0,1800.0,0.3586824754540646,0.7477063837424123,0.6792891891918479
4000.0,0.25,2.6,35.0,600.0,0.15082103004776395,0.2632358785041374,0.22207983965744632
4000.0,0.25,2.6,35.0,1200.0,0.24205166552942314,0.4598444907246901,0.4002122215953909
4000.0,0.25,2.6,35.0,1800.0,0.2599117284562234,0.5670936098580452,0.4841939545090034
4000.0,0.25,2.6,50.0,600.0,0.254150434087655,0.4284234892536041,0.3879876084545485
4000.0,0.25,2.6,50.0,1200.0,0.3954398909663797,0.6905797337084769,0.6478268300872484
4000.0,0.25,2.6,50.0,1800.0,0.38387932969036953,0.7853415220217562,0.7234817153921468
4000.0,0.25,2.8,35.0,600.0,0.15889540916015318,0.2826445325099176,0.2443789593368028
4000.0,0.25,2.8,35.0,1200.0,0.2535284688751181,0.4903005834794427,0.43331942281216357
4000.0,0.25,2.8,35.0,1800.0,0.2733180935438072,0.6022373850093978,0.5219619599595965
4000.0,0.25,2.8,50.0,600.0,0.26731291415675085,0.45701103173908303,0.4215203044917712
4000.0,0.25,2.8,50.0,1200.0,0.41295128839909995,0.7243881681045207,0.6852220953389263
4000.0,0.25,2.8,50.0,1800.0,0.40450077985797755,0.8179431862236379,0.7606865052845135
4000.0,0.25,3.0,35.0,600.0,0.1651266539786029,0.30182499414310954,0.2655206935681962
4000.0,0.25,3.0,35.0,1200.0,0.26276534128097523,0.519593145679793,0.46360073285555436
4000.0,0.25,3.0,35.0,1800.0,0.2843888062214956,0.6351829852039844,0.55587990301305
4000.0,0.25,3.0,50.0,600.0,0.27743234236049485,0.48468518557971824,0.45259708715654945
4000.0,0.25,3.0,50.0,1200.0,0.4269318204372768,0.7550329278712623,0.7175399760454679
4000.0,0.25,3.0,50.0,1800.0,0.4213868961766921,0.8460168225914341,0.7918257976656882
6000.0,0.1,2.4,35.0,600.0,0.07635892677308831,0.1640767582019369,0.11873791265772733
6000.0,0.1,2.4,35.0,1200.0,0.11522301735307348,0.30839794355841005,0.22525199882459163
6000.0,0.1,2.4,35.0,1800.0,0.11535546693257165,0.4174475658115733,0.3044662333847567
6000.0,0.1,2.4,50.0,600.0,0.12969167615727714,0.27551132460096733,0.2151990306107909
6000.0,0.1,2.4,50.0,1200.0,0.19364983600576824,0.49727967673167633,0.4001290104756924
6000.0,0.1,2.4,50.0,1800.0,0.1838437056161622,0.6463133386273439,0.5238883768892192
6000.0,0.1,2.6,35.0,600.0,0.08363898781132023,0.17751966504367736,0.13271856940000437
6000.0,0.1,2.6,35.0,1200.0,0.12666611496003355,0.33265835509407465,0.2510836815744964
6000.0,0.1,2.6,35.0,1800.0,0.12952448390417187,0.448910743717441,0.33890134130006133
6000.0,0.1,2.6,50.0,600.0,0.14195298521642014,0.2972362851198935,0.2381818134296351
6000.0,0.1,2.6,50.0,1200.0,0.2126778640181795,0.531404548865529,0.4386319295077962
6000.0,0.1,2.6,50.0,1800.0,0.20747393284983232,0.6837973719407788,0.5694210971355054
6000.0,0.1,2.8,35.0,600.0,0.0898699445519483,0.19089478977178892,0.14661420411875795
6000.0,0.1,2.8,35.0,1200.0,0.13660598520740203,0.3564856037572083,0.27632730167723163
6000.0,0.1,2.8,35.0,1800.0,0.1419757135634977,0.4792972626200512,0.3719672775409058
6000.0,0.1,2.8,50.0,600.0,0.15242583313949465,0.31865654367319485,0.26084060578596047
6000.0,0.1,2.8,50.0,1200.0,0.2291293564688772,0.563886188025027,0.47519978280554187
6000.0,0.1,2.8,50.0,1800.0,0.2281337529981764,0.7179890432720215,0.6110128523147446
6000.0,0.1,3.0,35.0,600.0,0.09512721936010693,0.20419766145223023,0.160384540613709
6000.0,0.1,3.0,35.0,1200.0,0.1451867705438588,0.3798573457184329,0.30088896982235985
6000.0,0.1,3.0,35.0,1800.0,0.15288310253871767,0.5085751139257418,0.4035558236836742
6000.0,0.1,3.0,50.0,600.0,0.16124604036675552,0.3397550701619792,0.2830981204417251
6000.0,0.1,3.0,50.0,1200.0,0.24327128528046932,0.5947108093938693,0.5097219751985568
6000.0,0.1,3.0,50.0,1800.0,0.24614487981439762,0.7490343253658117,0.6487477369258412
6000.0,0.15,2.4,35.0,600.0,0.08617285678073348,0.16433729314300352,0.12206632684831165
6000.0,0.15,2.4,35.0,1200.0,0.14538535333754915,0.3090384935333351,0.23685794461829165
6000.0,0.15,2.4,35.0,1800.0,0.17218286971933197,0.4192507843875369,0.3269483104912749
6000.0,0.15,2.4,50.0,600.0,0.14629707487933707,0.27569278298294464,0.22076875585127043
6000.0,0.15,2.4,50.0,1200.0,0.24462021247542615,0.49818445141357354,0.41855256628186693
6000.0,0.15,2.4,50.0,1800.0,0.2817829027151242,0.6471142439185186,0.557476767395575
6000.0,0.15,2.6,35.0,600.0,0.09396316235212797,0.17779950548911028,0.13685528580617265
6000.0,0.15,2.6,35.0,1200.0,0.1574513989493298,0.3333201006223579,0.26438969408292073
6000.0,0.15,2.6,35.0,1800.0,0.18692552805424445,0.450698668591791,0.363495703507526
6000.0,0.15,2.6,50.0,600.0,0.1593739443953977,0.2974235859563313,0.2450386931500628
6000.0,0.15,2.6,50.0,1200.0,0.264356067802565,0.5322854101064909,0.4590620537393829
6000.0,0.15,2.6,50.0,1800.0,0.3055638020636319,0.684545746496438,0.604055574582236
6000.0,0.15,2.8,35.0,600.0,0.10042697278053363,0.19119364680327558,0.15165709844400949
6000.0,0.15,2.8,35.0,1200.0,0.16760207600593624,0.35716646010559355,0.291363197852039
6000.0,0.15,2.8,35.0,1800.0,0.1994835331324688,0.4810634526581291,0.3985416071383745
6000.0,0.15,2.8,50.0,600.0,0.17019756199952948,0.31884898108169746,0.26911433326392725
6000.0,0.15,2.8,50.0,1200.0,0.2808576579817993,0.5647399324776341,0.4974909459614124
6000.0,0.15,2.8,50.0,1800.0,0.32565450963425746,0.7186843010088815,0.6462280842196084
6000.0,0.15,3.0,35.0,600.0,0.10567726127863376,0.20451513205994928,0.16641135436836987
6000.0,0.15,3.0,35.0,1200.0,0.1760624880802334,0.3805551454399885,0.3176351904851035
6000.0,0.15,3.0,35.0,1800.0,0.21013205679169072,0.5103136612097641,0.43192574202030304
6000.0,0.15,3.0,50.0,600.0,0.17897088446054296,0.3399519424606191,0.292878771964184
6000.0,0.15,3.0,50.0,1200.0,0.2945390923472642,0.595534791506616,0.5336623433937425
6000.0,0.15,3.0,50.0,1800.0,0.34256733881642876,0.7496768251711394,0.6840944937271912
6000.0,0.2,2.4,35.0,600.0,0.09276776839267789,0.1649335923962999,0.1253568125075356
6000.0,0.2,2.4,35.0,1200.0,0.1639991418223072,0.310826585607387,0.247009193420431
6000.0,0.2,2.4,35.0,1800.0,0.20544248942277563,0.42265607881544326,0.34474793181009505
6000.0,0.2,2.4,50.0,600.0,0.15741756466074036,0.27607237959521946,0.22624241996431474
6000.0,0.2,2.4,50.0,1200.0,0.2755624633985185,0.4995997300803901,0.4341868908897931
6000.0,0.2,2.4,50.0,1800.0,0.3371802468027945,0.6492664688793215,0.5822576870071795
6000.0,0.2,2.6,35.0,600.0,0.10076546538481111,0.17846780894149114,0.1409575706993208
6000.0,0.2,2.6,35.0,1200.0,0.17613005626445785,0.33520774447735285,0.27598372377979
6000.0,0.2,2.6,35.0,1800.0,0.22005063354418214,0.45414461165923703,0.38281495166780277
6000.0,0.2,2.6,50.0,600.0,0.1708090249253536,0.2978359319982675,0.2517942764799001
6000.0,0.2,2.6,50.0,1200.0,0.2951671319085989,0.5337044237792875,0.47629050215663565
6000.0,0.2,2.6,50.0,1800.0,0.36014435458975724,0.6865879634913015,0.6292977948067915
6000.0,0.2,2.8,35.0,600.0,0.10719450743766674,0.19193563690072496,0.15665195737713267
6000.0,0.2,2.8,35.0,1200.0,0.18603547913741705,0.3591472246246022,0.3043721073594802
6000.0,0.2,2.8,35.0,1800.0,0.23215849857583853,0.4845327478124598,0.4191996428636391
6000.0,0.2,2.8,50.0,600.0,0.18154533938952047,0.31929342730705884,0.27724992959936584
6000.0,0.2,2.8,50.0,1200.0,0.31106732431768336,0.566154006914829,0.5161055832637852
6000.0,0.2,2.8,50.0,1800.0,0.3789961977710063,0.7206089970861536,0.6715169493088233
6000.0,0.2,3.0,35.0,600.0,0.11222632816660567,0.20533170251221325,0.17234600804635555
6000.0,0.2,3.0,35.0,1200.0,0.1940330933948675,0.38262182207494316,0.33197417194153744
6000.0,0.2,3.0,35.0,1800.0,0.24214207590150222,0.5137895565701929,0.4536973024606345
6000.0,0.2,3.0,50.0,600.0,0.189930305460134,0.3404274969737143,0.3024318027602462
6000.0,0.2,3.0,50.0,1200.0,0.3238340965971467,0.596935839932093,0.5533916768395343
6000.0,0.2,3.0,50.0,1800.0,0.39441623666298903,0.7514794666775122,0.709048206559708
6000.0,0.25,2.4,35.0,600.0,0.09772492663388153,0.16594111459539976,0.12854832575624975
6000.0,0.25,2.4,35.0,1200.0,0.1770665976303869,0.31385339342607965,0.2561083846207845
6000.0,0.25,2.4,35.0,1800.0,0.22786630284928835,0.42794013828433525,0.35972729285013705
6000.0,0.25,2.4,50.0,600.0,0.16575447775979346,0.27689649546029016,0.231530409086825
6000.0,0.25,2.4,50.0,1200.0,0.2970225033566681,0.5021796182743488,0.447916164236341
6000.0,0.25,2.4,50.0,1800.0,0.3735765654997729,0.6532764784322984,0.6021446107811896
6000.0,0.25,2.6,35.0,600.0,0.10575251055817197,0.1796190044121678,0.14493796121894595
6000.0,0.25,2.6,35.0,1200.0,0.18899305071544764,0.3384402191333171,0.2863213128458848
6000.0,0.25,2.6,35.0,1800.0,0.2420516655294223,0.4595458485338823,0.3989362075754246
6000.0,0.25,2.6,50.0,600.0,0.17916920438565218,0.29875142445747577,0.25831858340616337
6000.0,0.25,2.6,50.0,1200.0,0.3161203865193307,0.5363322288229644,0.49130200987810413
6000.0,0.25,2.6,50.0,1800.0,0.39543989096638205,0.6904222720395824,0.6493061998653674
6000.0,0.25,2.8,35.0,600.0,0.11200793558480011,0.19323534881838705,0.16147833514390578
6000.0,0.25,2.8,35.0,1200.0,0.19846813043576567,0.36257342417013916,0.3158724557895541
6000.0,0.25,2.8,35.0,1800.0,0.25352846887511793,0.4900193506518432,0.4362518458301993
6000.0,0.25,2.8,50.0,600.0,0.1895938878192323,0.3203000270016517,0.2850680041915284
6000.0,0.25,2.8,50.0,1200.0,0.33118762370289373,0.568810301591682,0.5321451009584073
6000.0,0.25,2.8,50.0,1800.0,0.4129512883991003,0.7242475015400376,0.6912734404394143
6000.0,0.25,3.0,35.0,600.0,0.11673544491837903,0.2067827359273228,0.1780298688546414
6000.0,0.25,3.0,35.0,1200.0,0.20590366021030498,0.38622772475378014,0.34450277899577586
6000.0,0.25,3.0,35.0,1800.0,0.2627653412809754,0.5193300897809735,0.47143543962607876
6000.0,0.25,3.0,50.0,600.0,0.1974556488879889,0.3415236565879942,0.3115226000489315
6000.0,0.25,3.0,50.0,1200.0,0.3429472632322357,0.5996017951619926,0.5701510423997559
6000.0,0.25,3.0,50.0,1800.0,0.4269318204372764,0.7549081237146403,0.728227161799461
7500.0,0.1,2.4,35.0,600.0,0.06404025649253708,0.13222414782247574,0.09518135883674983
7500.0,0.1,2.4,35.0,1200.0,0.104294410081545,0.25357872591299746,0.18473212715949108
7500.0,0.1,2.4,35.0,1800.0,0.11991799540999885,0.35712826706614564,0.261073367204721
7500.0,0.1,2.4,50.0,600.0,0.10885090222194385,0.22378448028698703,0.17298398053356653
7500.0,0.1,2.4,50.0,1200.0,0.17638271261856908,0.4174069561758023,0.33162434221425346
7500.0,0.1,2.4,50.0,1800.0,0.199136562894442,0.5687033208482578,0.4595628037922953
7500.0,0.1,2.6,35.0,600.0,0.07021981516630993,0.14311075856051886,0.10647318741442247
7500.0,0.1,2.6,35.0,1200.0,0.11429404847863957,0.27390455983844564,0.20644863475903683
7500.0,0.1,2.6,35.0,1800.0,0.13258247018649238,0.384685610744916,0.2914256473045406
7500.0,0.1,2.6,50.0,600.0,0.11929105389229935,0.24177899734906258,0.19178835498471442
7500.0,0.1,2.6,50.0,1200.0,0.19307515167185388,0.4478817333144252,0.3655540992681804
7500.0,0.1,2.6,50.0,1800.0,0.2201723357702579,0.6049195611573831,0.502739193673859
7500.0,0.1,2.8,35.0,600.0,0.07548972625948272,0.153959965708268,0.11776707401898721
7500.0,0.1,2.8,35.0,1200.0,0.12293347709287125,0.29398628898543205,0.22795571361143052
7500.0,0.1,2.8,35.0,1800.0,0.14363724537606815,0.4115731223870173,0.321093242298715
7500.0,0.1,2.8,50.0,600.0,0.12818129432070502,0.25960976124743407,0.21049941661998742
7500.0,0.1,2.8,50.0,1200.0,0.20744274955192313,0.47734875691295925,0.39850207133721316
7500.0,0.1,2.8,50.0,1800.0,0.23843913793865806,0.6387953928480715,0.5433226581723987
7500.0,0.1,3.0,35.0,600.0,0.07990545207371816,0.16476943940093003,0.1290515500339352
7500.0,0.1,3.0,35.0,1200.0,0.13033504741352245,0.3138096077832583,0.2492029209765949
7500.0,0.1,3.0,35.0,1800.0,0.15324210242270989,0.4377621063262371,0.3499842307294305
7500.0,0.1,3.0,50.0,600.0,0.13562085869954071,0.2772662095824497,0.22908906658332862
7500.0,0.1,3.0,50.0,1200.0,0.2197100560350028,0.5057786000504527,0.4303659145708615
7500.0,0.1,3.0,50.0,1800.0,0.254234274436579,0.6703635621287727,0.581236677577673
7500.0,0.15,2.4,35.0,600.0,0.07084103001412781,0.13242997926592456,0.09682055792757678
7500.0,0.15,2.4,35.0,1200.0,0.12538787940964205,0.25422606273363585,0.19079408596115444
7500.0,0.15,2.4,35.0,1800.0,0.16015034883288068,0.3579748494012939,0.2734591909043978
7500.0,0.15,2.4,50.0,600.0,0.12037580302027565,0.22374400126127733,0.17575005131354185
7500.0,0.15,2.4,50.0,1200.0,0.21197734520888212,0.417915988929469,0.34155071360629824
7500.0,0.15,2.4,50.0,1800.0,0.26746661690401186,0.5686918280933683,0.478936651266057
7500.0,0.15,2.6,35.0,600.0,0.07746890584991047,0.14333426237716673,0.10857832540800127
7500.0,0.15,2.6,35.0,1200.0,0.1359962849911731,0.27457776635892805,0.21363272323077237
7500.0,0.15,2.6,35.0,1800.0,0.17342666890024122,0.38554807298567556,0.30542465633661614
7500.0,0.15,2.6,50.0,600.0,0.13155180626895807,0.241739548338816,0.19531944422493064
7500.0,0.15,2.6,50.0,1200.0,0.2295071196267443,0.4483889977984383,0.3770564612528185
7500.0,0.15,2.6,50.0,1800.0,0.2890051858009605,0.6049176737352661,0.5236836651729312
7500.0,0.15,2.8,35.0,600.0,0.08295421994876426,0.15420097870853922,0.12042348637656818
7500.0,0.15,2.8,35.0,1200.0,0.14487206463617058,0.29468352377769913,0.2363582564864231
7500.0,0.15,2.8,35.0,1800.0,0.18465373792873316,0.41244827956029206,0.3367337098379322
7500.0,0.15,2.8,50.0,600.0,0.14078519472262185,0.25957177267248516,0.2149261238554077
7500.0,0.15,2.8,50.0,1200.0,0.2441045807658664,0.47785210194056515,0.41163333038310157
7500.0,0.15,2.8,50.0,1800.0,0.30708749344602687,0.638802086462817,0.5656462851995453
7500.0,0.15,3.0,35.0,600.0,0.08737745815309644,0.1650276785391995,0.1323431324518274
7500.0,0.15,3.0,35.0,1200.0,0.15220481878971115,0.3145289394442238,0.2588988053365409
7500.0,0.15,3.0,35.0,1800.0,0.19408232530301278,0.43864678004552465,0.36725612799492235
7500.0,0.15,3.0,50.0,600.0,0.1482199026188363,0.2772300690021743,0.234535500583681
7500.0,0.15,3.0,50.0,1200.0,0.2561156080512804,0.506276048513278,0.4451322994096865
7500.0,0.15,3.0,50.0,1800.0,0.32217784685326284,0.670377773113612,0.6047044489568548
7500.0,0.2,2.4,35.0,600.0,0.07552572445617975,0.13282242827898097,0.0985930718858237
7500.0,0.2,2.4,35.0,1200.0,0.13878231358321444,0.2555265002042442,0.19671392491728515
7500.0,0.2,2.4,35.0,1800.0,0.18439359096231625,0.3602157467835199,0.2846008309673995
7500.0,0.2,2.4,50.0,600.0,0.12829878021772745,0.22390622219345566,0.17873047880505047
7500.0,0.2,2.4,50.0,1200.0,0.23435133788466697,0.41880667716065306,0.35107211330152854
7500.0,0.2,2.4,50.0,1800.0,0.30768227528753317,0.5699461537032232,0.495591937387182
7500.0,0.2,2.6,35.0,600.0,0.08236560703094943,0.14378354717710348,0.11086587403543045
7500.0,0.2,2.6,35.0,1200.0,0.14952739000927787,0.27597754491087584,0.22064223993629398
7500.0,0.2,2.6,35.0,1800.0,0.19765534971724388,0.38787721547319925,0.31795586006326254
7500.0,0.2,2.6,50.0,600.0,0.1398153970094573,0.24192532873531145,0.19914192339959363
7500.0,0.2,2.6,50.0,1200.0,0.2519757932021352,0.44930990331394244,0.38806437791187826
7500.0,0.2,2.6,50.0,1800.0,0.3288261979865652,0.6061607873389927,0.5415474067124385
7500.0,0.2,2.8,35.0,600.0,0.08785130685737655,0.15470972181465828,0.12331381782859305
7500.0,0.2,2.8,35.0,1200.0,0.15824462048169688,0.296180135583379,0.24452536306413716
7500.0,0.2,2.8,35.0,1800.0,0.20855198668192054,0.41485551952410776,0.350631052897184
7500.0,0.2,2.8,50.0,600.0,0.14903461788085068,0.2597820504924486,0.2197226354490784
7500.0,0.2,2.8,50.0,1200.0,0.2662003819320913,0.4787981867666301,0.424131412714356
7500.0,0.2,2.8,50.0,1800.0,0.3460584498826907,0.6400253632938772,0.5844847408796481
7500.0,0.2,3.0,35.0,600.0,0.09210892301660185,0.16559784195255803,0.13591496273561543
7500.0,0.2,3.0,35.0,1200.0,0.16520729081552096,0.31611897300943187,0.2682580286758804
7500.0,0.2,3.0,35.0,1800.0,0.21743185414333416,0.4411214509183319,0.3824512947554115
7500.0,0.2,3.0,50.0,600.0,0.15617911745046617,0.2774654745154905,0.24041839922063232
7500.0,0.2,3.0,50.0,1200.0,0.2775141603587889,0.5072421488166133,0.4590634527896189
7500.0,0.2,3.0,50.0,1800.0,0.36000720505950273,0.6715735533306585,0.6242462697545001
7500.0,0.25,2.4,35.0,600.0,0.07912093042983381,0.1334669480290234,0.10040282822138268
7500.0,0.25,2.4,35.0,1200.0,0.148398300129704,0.257627069450039,0.20237135195327002
7500.0,0.25,2.4,35.0,1800.0,0.20110435336427,0.3639451716617574,0.2947068613512477
7500.0,0.25,2.4,50.0,600.0,0.13436967510324732,0.2243875020435262,0.18176675530368505
7500.0,0.25,2.4,50.0,1200.0,0.25029261695708527,0.42055203739243824,0.3600664974377396
7500.0,0.25,2.4,50.0,1800.0,0.33492306670837424,0.572812892265352,0.5102647726526008
7500.0,0.25,2.6,35.0,600.0,0.086027660609453,0.1445390862712533,0.11320892863954354
7500.0,0.25,2.6,35.0,1200.0,0.15903518801215968,0.27827556890461624,0.2273290590407853
7500.0,0.25,2.6,35.0,1800.0,0.2140693320737866,0.3917949701101222,0.3292650528481299
7500.0,0.25,2.6,50.0,600.0,0.14598504791449793,0.24247861281550218,0.2030470769001272
7500.0,0.25,2.6,50.0,1200.0,0.26764001839037704,0.45114775420315256,0.39842790969143604
7500.0,0.25,2.6,50.0,1800.0,0.3553219700302996,0.609016962484063,0.5571571926120932
7500.0,0.25,2.8,35.0,600.0,0.09139508186427199,0.15558316600653108,0.1262722839358792
7500.0,0.25,2.8,35.0,1200.0,0.16741835620351725,0.29867250492301683,0.2522786440183378
7500.0,0.25,2.8,35.0,1800.0,0.2244487553874429,0.4189425821767627,0.36307846583406095
7500.0,0.25,2.8,50.0,600.0,0.1549941922905813,0.26041017403277356,0.22461737733542067
7500.0,0.25,2.8,50.0,1200.0,0.281239438638455,0.4807176362870982,0.43581971991951773
7500.0,0.25,2.8,50.0,1800.0,0.37151586608118975,0.6428486887427436,0.6007697751230444
7500.0,0.25,3.0,35.0,600.0,0.09541097587545032,0.16659443860662737,0.13955318631217897
7500.0,0.25,3.0,35.0,1200.0,0.17391143909750265,0.3188002124257709,0.277071920600621
7500.0,0.25,3.0,35.0,1800.0,0.23268568281525634,0.44535723447868447,0.3959247266950607
7500.0,0.25,3.0,50.0,600.0,0.16172474958309757,0.2781701942045712,0.24638926078126014
7500.0,0.25,3.0,50.0,1200.0,0.2917292578833396,0.5092314056012026,0.4719625881200912
7500.0,0.25,3.0,50.0,1800.0,0.3842818884121186,0.6743439616076826,0.6409169241049841
10000.0,0.1,2.4,35.0,600.0,0.05025591045905279,0.09981829505693644,0.0713597942515456
10000.0,0.1,2.4,35.0,1200.0,0.0871887127367017,0.19538104362281647,0.14026394506030593
10000.0,0.1,2.4,35.0,1800.0,0.1105363262867534,0.2827171709814191,0.2037060451617244
10000.0,0.1,2.4,50.0,600.0,0.08546937216756673,0.1688243704835958,0.12997046002387028
10000.0,0.1,2.4,50.0,1200.0,0.14793598971798272,0.32738342998495235,0.25378538289526237
10000.0,0.1,2.4,50.0,1800.0,0.1864498078191148,0.46016744197906123,0.3648045084169394
10000.0,0.1,2.6,35.0,600.0,0.0552086768857729,0.10806890752775823,0.07980266329253313
10000.0,0.1,2.6,35.0,1200.0,0.09546289364430001,0.2112872627529305,0.15686328336854574
10000.0,0.1,2.6,35.0,1800.0,0.12128871666901721,0.30514987066039445,0.22776085674783791
10000.0,0.1,2.6,50.0,600.0,0.0938606392096744,0.18258343671204955,0.14416782453982016
10000.0,0.1,2.6,50.0,1200.0,0.16182762360530104,0.3525852862851674,0.28072885843508966
10000.0,0.1,2.6,50.0,1800.0,0.2043586263485512,0.4926905721073347,0.4017399330590108
10000.0,0.1,2.8,35.0,600.0,0.05941577236374165,0.1163013964019322,0.08826017555594352
10000.0,0.1,2.8,35.0,1200.0,0.10256848171299672,0.2270818824733078,0.17342515701101746
10000.0,0.1,2.8,35.0,1800.0,0.13060418152146958,0.32724971523754953,0.251598893119553
10000.0,0.1,2.8,50.0,600.0,0.10098190446460127,0.19626644125040507,0.1583496882964624
10000.0,0.1,2.8,50.0,1200.0,0.17372575818219632,0.37728931772368957,0.307314693023129
10000.0,0.1,2.8,50.0,1800.0,0.21980830003453858,0.5238928277715997,0.4374812317023418
10000.0,0.1,3.0,35.0,600.0,0.06291062559265206,0.12451475909262229,0.09673368363782522
10000.0,0.1,3.0,35.0,1200.0,0.108598644830013,0.2427574923869443,0.18993930546746898
10000.0,0.1,3.0,35.0,1800.0,0.13861681117169877,0.348997975500539,0.27518510461525203
10000.0,0.1,3.0,50.0,600.0,0.10689272585057831,0.2098687639356837,0.17251422783818218
10000.0,0.1,3.0,50.0,1200.0,0.18379930202068487,0.40147102200683765,0.3335031931473206
10000.0,0.1,3.0,50.0,1800.0,0.2330461674087501,0.5537493870756325,0.47194196978862013
10000.0,0.15,2.4,35.0,600.0,0.054486814939011134,0.09993899028902717,0.07195398430389117
10000.0,0.15,2.4,35.0,1200.0,0.10041331320650991,0.19558195561162076,0.14262409320416725
10000.0,0.15,2.4,35.0,1800.0,0.1360273972015728,0.2829422451199102,0.2088719714400663
10000.0,0.15,2.4,50.0,600.0,0.0926504833668271,0.16902589374902166,0.13097877986930773
10000.0,0.15,2.4,50.0,1200.0,0.17028233591696276,0.32698383787212404,0.2577411672289248
10000.0,0.15,2.4,50.0,1800.0,0.2294781528578622,0.46043091462322455,0.37326220226150697
10000.0,0.15,2.6,35.0,600.0,0.05980692364422945,0.10820317567496744,0.08059306172328666
10000.0,0.15,2.6,35.0,1200.0,0.10924351167144102,0.21150592021351486,0.1597622894511425
10000.0,0.15,2.6,35.0,1800.0,0.14739958775316486,0.30539466044718755,0.23381895886316548
10000.0,0.15,2.6,50.0,600.0,0.10165569844675512,0.18279684321952813,0.14550473732736058
10000.0,0.15,2.6,50.0,1200.0,0.18503062679616303,0.35218571413078936,0.28552694528459704
10000.0,0.15,2.6,50.0,1800.0,0.24817131327563893,0.4929544131014552,0.41139752781724814
10000.0,0.15,2.8,35.0,600.0,0.06420068304617176,0.11644939017120144,0.0892948374049866
10000.0,0.15,2.8,35.0,1200.0,0.11659023823858271,0.22731838925879705,0.17694519633841052
10000.0,0.15,2.8,35.0,1800.0,0.1569407195355835,0.3275139220513025,0.25863344661108933
10000.0,0.15,2.8,50.0,600.0,0.10908486580989703,0.1964906616211505,0.16009354067903944
10000.0,0.15,2.8,50.0,1200.0,0.19726187135988985,0.37689180913078973,0.31306124384531087
10000.0,0.15,2.8,50.0,1800.0,0.26376934428653387,0.5241557580069371,0.4483770320633222
10000.0,0.15,3.0,35.0,600.0,0.06771312445850781,0.12467650088261623,0.09806593329737034
10000.0,0.15,3.0,35.0,1200.0,0.12259545451036878,0.24301181415110157,0.19416307894814508
10000.0,0.15,3.0,35.0,1800.0,0.16485951600863638,0.349281117066774,0.2832714070539127
10000.0,0.15,3.0,50.0,600.0,0.11501844724101426,0.21010267732843935,0.17475098063589448
10000.0,0.15,3.0,50.0,1200.0,0.20723244869299837,0.40107744468798845,0.34029708540754977
10000.0,0.15,3.0,50.0,1800.0,0.2766547036604399,0.5540102046505804,0.48408617175460367
10000.0,0.2,2.4,35.0,600.0,0.05748885204269383,0.10014637653335641,0.07267679279058857
10000.0,0.2,2.4,35.0,1200.0,0.10911286053885284,0.19621957624375203,0.14525614814144575
10000.0,0.2,2.4,35.0,1800.0,0.15197378883437504,0.2841517837112047,0.21426927108782043
10000.0,0.2,2.4,50.0,600.0,0.09774078909749716,0.16921858913862065,0.13220289480443062
10000.0,0.2,2.4,50.0,1200.0,0.1849050480766115,0.3271472265159017,0.26211302266480085
10000.0,0.2,2.4,50.0,1800.0,0.25604351293613087,0.46130269991619277,0.3819025639796424
10000.0,0.2,2.6,35.0,600.0,0.06300952187476047,0.10844864862352006,0.08156008869424872
10000.0,0.2,2.6,35.0,1200.0,0.11813434772517291,0.21221885148584965,0.16300148875913417
10000.0,0.2,2.6,35.0,1800.0,0.16344819224172916,0.30669963044483955,0.2401427849044028
10000.0,0.2,2.6,50.0,600.0,0.10707871454171589,0.18301321210463903,0.14713703018150792
10000.0,0.2,2.6,50.0,1200.0,0.19991503537148128,0.35237706024003895,0.2908372343272625
10000.0,0.2,2.6,50.0,1800.0,0.274724354757809,0.4938516330562645,0.4212407791053027
10000.0,0.2,2.8,35.0,600.0,0.06743190532661353,0.11673608232834945,0.09056429550061916
10000.0,0.2,2.8,35.0,1200.0,0.12540703408428505,0.22810852342698312,0.1808763501858529
10000.0,0.2,2.8,35.0,1800.0,0.1727874112379331,0.32891201259875325,0.2659541475254991
10000.0,0.2,2.8,50.0,600.0,0.11455020608077472,0.19673114840148825,0.1622285028208657
10000.0,0.2,2.8,50.0,1200.0,0.21197327056555396,0.3771116895197496,0.3194139550885935
10000.0,0.2,2.8,50.0,1800.0,0.2898382844356221,0.525072857687937,0.45942969514589654
10000.0,0.2,3.0,35.0,600.0,0.07083122689583331,0.12500711399471456,0.0996998782300344
10000.0,0.2,3.0,35.0,1200.0,0.13114175662989527,0.24388022983769042,0.19886559203152204
10000.0,0.2,3.0,35.0,1800.0,0.1802888996085391,0.35076904739416115,0.29164181517741516
10000.0,0.2,3.0,50.0,600.0,0.12028785274531907,0.21036746310090473,0.17748792945394387
10000.0,0.2,3.0,50.0,1200.0,0.22145473067942206,0.4013259809769183,0.3477783436175716
10000.0,0.2,3.0,50.0,1800.0,0.30191890600656157,0.554941572095612,0.4963159183901663
10000.0,0.25,2.4,35.0,600.0,0.059851793425121286,0.10048282295998534,0.07346671341939792
10000.0,0.25,2.4,35.0,1200.0,0.11553828543185934,0.19733990317993286,0.14797259869313942
10000.0,0.25,2.4,35.0,1800.0,0.16328771155190783,0.28633270919540477,0.21960608152308161
10000.0,0.25,2.4,50.0,600.0,0.10174428159945755,0.16953723800543474,0.13353908337476558
10000.0,0.25,2.4,50.0,1200.0,0.19566221752774582,0.32795778442159684,0.26659995468240516
10000.0,0.25,2.4,50.0,1800.0,0.2747086356600209,0.46318068659913764,0.39032713596626767
10000.0,0.25,2.6,35.0,600.0,0.0654652137193668,0.10885805845399645,0.08262225407530734
10000.0,0.25,2.6,35.0,1200.0,0.12454636969396454,0.21349106679351576,0.1663495666243919
10000.0,0.25,2.6,35.0,1800.0,0.17460553056231892,0.30907690905914065,0.24638967626901015
10000.0,0.25,2.6,50.0,600.0,0.11123338388194368,0.18338681456669542,0.14892759779164516
10000.0,0.25,2.6,50.0,1200.0,0.2106046613385603,0.35327736586538416,0.2962919860066382
10000.0,0.25,2.6,50.0,1800.0,0.2929992073350606,0.4958094765961819,0.43081360410052644
10000.0,0.25,2.8,35.0,600.0,0.06982258891453927,0.11722607562271532,0.09196150431421618
10000.0,0.25,2.8,35.0,1200.0,0.1315903236835435,0.2295376894056556,0.1849354881846828
10000.0,0.25,2.8,35.0,1800.0,0.18356135263250223,0.3314816139023188,0.27316261995490226
10000.0,0.25,2.8,50.0,600.0,0.11859028036761704,0.19716323575957967,0.1645749148325505
10000.0,0.25,2.8,50.0,1200.0,0.22224719417950414,0.37810113048624755,0.3259275951416104
10000.0,0.25,2.8,50.0,1800.0,0.3073837814934095,0.5270972038013673,0.4701246099086785
10000.0,0.25,3.0,35.0,600.0,0.07304586157533186,0.12558434317615408,0.10149590616358573
10000.0,0.25,3.0,35.0,1200.0,0.13696184699320557,0.24546937340574435,0.20370310247404755
10000.0,0.25,3.0,35.0,1800.0,0.19054540506969292,0.35352451611953223,0.2998382916090995
10000.0,0.25,3.0,50.0,600.0,0.12402729126798337,0.21086079571583233,0.18049138375452872
10000.0,0.25,3.0,50.0,1200.0,0.23110087037898763,0.4024025566649129,0.3554131597797488
10000.0,0.25,3.0,50.0,1800.0,0.31854759147940864,0.5570184700703893,0.5080602524994862
12000.0,0.1,2.4,35.0,600.0,0.042819950229309844,0.08371072904765756,0.05946499050455816
12000.0,0.1,2.4,35.0,1200.0,0.07635892677308831,0.16417191700890627,0.11738530170984461
12000.0,0.1,2.4,35.0,1800.0,0.10059307279725024,0.2399835437572973,0.17202495324345274
12000.0,0.1,2.4,50.0,600.0,0.07283939253759934,0.14192849270323202,0.1083943453405005
12000.0,0.1,2.4,50.0,1200.0,0.12969167615727714,0.2755871373303951,0.21300613145065034
12000.0,0.1,2.4,50.0,1800.0,0.17029701044646883,0.3965900976776136,0.3099607285464473
12000.0,0.1,2.6,35.0,600.0,0.04710336544253108,0.09067224521889751,0.06647903239525813
12000.0,0.1,2.6,35.0,1200.0,0.08363898781132023,0.1776210462859474,0.13124776331615753
12000.0,0.1,2.6,35.0,1800.0,0.11019060740581255,0.2592911068723307,0.19233926141230298
12000.0,0.1,2.6,50.0,600.0,0.08010565419336049,0.15360385400955406,0.12023278095765227
12000.0,0.1,2.6,50.0,1200.0,0.14195298521642014,0.2973149266550708,0.23583702990640926
12000.0,0.1,2.6,50.0,1800.0,0.18633916747758592,0.4259262910437577,0.342140464040393
12000.0,0.1,2.8,35.0,600.0,0.050734271910720156,0.0976279768946012,0.07350148701419114
12000.0,0.1,2.8,35.0,1200.0,0.0898699445519483,0.19100216286357458,0.14509489878220386
12000.0,0.1,2.8,35.0,1800.0,0.11847069340686982,0.2783928517350551,0.21254444268399092
12000.0,0.1,2.8,50.0,600.0,0.08626077172480838,0.16523929662794792,0.13206241290524381
12000.0,0.1,2.8,50.0,1200.0,0.15242583313949465,0.31873771422364744,0.2584689088189611
12000.0,0.1,2.8,50.0,1800.0,0.20013083276621627,0.4543936489545876,0.3736188275697579
12000.0,0.1,3.0,35.0,600.0,0.05373448921515431,0.10457723180790467,0.08053429881596662
12000.0,0.1,3.0,35.0,1200.0,0.09512721936010693,0.20431075614718128,0.15892456642832292
12000.0,0.1,3.0,35.0,1800.0,0.12554913006318905,0.297276155909169,0.23262571422182515
12000.0,0.1,3.0,50.0,600.0,0.09134367053539849,0.1768316382630549,0.14388423456073818
12000.0,0.1,3.0,50.0,1200.0,0.16124604036675552,0.33983846140622853,0.2808834585339006
12000.0,0.1,3.0,50.0,1800.0,0.21188393106826658,0.4819624095367535,0.40434090245518844
12000.0,0.15,2.4,35.0,600.0,0.04594995868132539,0.08368720446703054,0.0597576415871098
12000.0,0.15,2.4,35.0,1200.0,0.08617285678073348,0.1643778701808995,0.11859794775931541
12000.0,0.15,2.4,35.0,1800.0,0.11959828400416186,0.2402976116891696,0.17479257432888745
12000.0,0.15,2.4,50.0,600.0,0.07815581448164974,0.14186292591051025,0.10889189349873267
12000.0,0.15,2.4,50.0,1200.0,0.14629707487933707,0.27574543742966257,0.21505558537563949
12000.0,0.15,2.4,50.0,1800.0,0.20237164846628333,0.39664176976287674,0.31457733685925804
12000.0,0.15,2.6,35.0,600.0,0.05055210014667611,0.09064922772440281,0.0668761523421237
12000.0,0.15,2.6,35.0,1200.0,0.09396316235212797,0.1778452324076226,0.13276748081704462
12000.0,0.15,2.6,35.0,1800.0,0.12979558436182997,0.2596264028230179,0.19565269436924682
12000.0,0.15,2.6,50.0,600.0,0.08595816443647605,0.1535346526351098,0.12090642837462147
12000.0,0.15,2.6,50.0,1200.0,0.1593739443953977,0.29747975787629904,0.23838313566027206
12000.0,0.15,2.6,50.0,1800.0,0.2192675228839183,0.42598235592329514,0.3475647002663474
12000.0,0.15,2.8,35.0,600.0,0.054350202364021494,0.0976063422794353,0.07403195968689544
12000.0,0.15,2.8,35.0,1200.0,0.10042697278053363,0.191244640804536,0.14697846583007548
12000.0,0.15,2.8,35.0,1800.0,0.13831549281963754,0.2787489552923599,0.21647486224300375
12000.0,0.15,2.8,50.0,600.0,0.09239225767736634,0.1651670711869594,0.1329600812562694
12000.0,0.15,2.8,50.0,1200.0,0.17019756199952948,0.3189084539161125,0.2615948351854578
12000.0,0.15,2.8,50.0,1800.0,0.23332273910709483,0.4544538676615377,0.3799236159387776
12000.0,0.15,3.0,35.0,600.0,0.05737094854028308,0.10455790306138947,0.08123161868996571
12000.0,0.15,3.0,35.0,1200.0,0.10567726127863376,0.20457144959923368,0.1612328881537442
12000.0,0.15,3.0,35.0,1800.0,0.14533692689444572,0.29765249360300366,0.23724438121228597
12000.0,0.15,3.0,50.0,600.0,0.09750606688838374,0.17675703195874645,0.145061136974771
12000.0,0.15,3.0,50.0,1200.0,0.17897088446054296,0.340014468190327,0.2846752892015792
12000.0,0.15,3.0,50.0,1800.0,0.2448629103898008,0.48202649326763025,0.4115895324963505
12000.0,0.2,2.4,35.0,600.0,0.04820969205176973,0.0837711410827029,0.060143686658431776
12000.0,0.2,2.4,35.0,1200.0,0.09276776839267789,0.16482642429081998,0.1200689944567489
12000.0,0.2,2.4,35.0,1800.0,0.13176465409488342,0.24118866364381872,0.17795178519264687
12000.0,0.2,2.4,50.0,600.0,0.08199162646790896,0.14189294646956718,0.1095472202854745
12000.0,0.2,2.4,50.0,1200.0,0.15741756466074036,0.2760560103029306,0.21752609583791396
12000.0,0.2,2.4,50.0,1800.0,0.22272451569766305,0.3971703219297857,0.31976987649935523
12000.0,0.2,2.6,35.0,600.0,0.052998703286785624,0.09075529423212875,0.06740295012867735
12000.0,0.2,2.6,35.0,1200.0,0.10076546538481111,0.17835580704183987,0.1346160927482287
12000.0,0.2,2.6,35.0,1800.0,0.14211437821822873,0.2606046009422548,0.19943784931662614
12000.0,0.2,2.6,50.0,600.0,0.09010703978276777,0.15357434756221044,0.12179868145691929
12000.0,0.2,2.6,50.0,1200.0,0.1708090249253536,0.2978208279344864,0.24146020141111205
12000.0,0.2,2.6,50.0,1800.0,0.2397632810409343,0.4265434544718813,0.35366621495540623
12000.0,0.2,2.8,35.0,600.0,0.05683561196075306,0.09773790131841903,0.07473774531356665
12000.0,0.2,2.8,35.0,1200.0,0.10719450743766674,0.19182015305723263,0.14927106942913626
12000.0,0.2,2.8,35.0,1800.0,0.15049727493149276,0.27981466634127683,0.2209597439115153
12000.0,0.2,2.8,50.0,600.0,0.09660345459861239,0.1652179569270768,0.13415255164241005
12000.0,0.2,2.8,50.0,1200.0,0.18154533938952047,0.3192799492627866,0.2653739149786523
12000.0,0.2,2.8,50.0,1800.0,0.25349864131273175,0.45504500931271347,0.387001544920249
12000.0,0.2,3.0,35.0,600.0,0.059768720553916264,0.1047182023977449,0.08215947547800671
12000.0,0.2,3.0,35.0,1200.0,0.11222632816660567,0.2052141570471568,0.16403777889001545
12000.0,0.2,3.0,35.0,1800.0,0.15717289239412569,0.2988051692242376,0.24249799250705964
12000.0,0.2,3.0,50.0,600.0,0.10156617717417706,0.17682054442381093,0.14662460251161585
12000.0,0.2,3.0,50.0,1200.0,0.189930305460134,0.3404159676609514,0.28925002038004577
12000.0,0.2,3.0,50.0,1800.0,0.2643944273421063,0.48264481407446186,0.4196929431505437
12000.0,0.25,2.4,35.0,600.0,0.05001532996310858,0.08395826988465438,0.0605862887223481
12000.0,0.25,2.4,35.0,1200.0,0.09772492663388153,0.16557819092447626,0.12166499109700761
12000.0,0.25,2.4,35.0,1800.0,0.14055533239235654,0.24271383726640253,0.1812440481454275
12000.0,0.25,2.4,50.0,600.0,0.0850550767042627,0.14204515658660433,0.11029789507613588
12000.0,0.25,2.4,50.0,1200.0,0.16575447775979346,0.2767184657212288,0.22019628111145448
12000.0,0.25,2.4,50.0,1800.0,0.23733383049499263,0.39844558868978613,0.3251319167217344
12000.0,0.25,2.6,35.0,600.0,0.05490364786017191,0.09099200867695224,0.06801018304067526
12000.0,0.25,2.6,35.0,1200.0,0.10575251055817197,0.17922887705014978,0.13662694575661405
12000.0,0.25,2.6,35.0,1800.0,0.1508210300477646,0.26230396104376535,0.20338521326171763
12000.0,0.25,2.6,50.0,600.0,0.09333555865470605,0.15376237569478024,0.12282622722439841
12000.0,0.25,2.6,50.0,1200.0,0.17916920438565218,0.29856578707968073,0.24479364598888684
12000.0,0.25,2.6,50.0,1800.0,0.2541504340876567,0.4279124324530513,0.3599660958246337
12000.0,0.25,2.8,35.0,600.0,0.058700162496886,0.09803164763336294,0.07555356000893637
12000.0,0.25,2.8,35.0,1200.0,0.11200793558480011,0.19282192251559677,0.1517659570096044
12000.0,0.25,2.8,35.0,1800.0,0.15889540916015288,0.28169044158870293,0.22563103349784291
12000.0,0.25,2.8,50.0,600.0,0.09976085196692751,0.16544616105663315,0.13552956895597665
12000.0,0.25,2.8,50.0,1200.0,0.1895938878192323,0.32010885091224217,0.2694680080526782
12000.0,0.25,2.8,50.0,1800.0,0.26731291415674896,0.45650152363472174,0.39429304234685114
12000.0,0.25,3.0,35.0,600.0,0.06149077132730867,0.10507602937597844,0.08323185561650401
12000.0,0.25,3.0,35.0,1200.0,0.11673544491837903,0.20635044723648827,0.16708428740269407
12000.0,0.25,3.0,35.0,1800.0,0.16512665397860338,0.30085732796089487,0.24795187000114063
12000.0,0.25,3.0,50.0,600.0,0.10448047725640464,0.17709288059360231,0.14842964029757122
12000.0,0.25,3.0,50.0,1200.0,0.1974556488879889,0.3413290549885852,0.29419404175368546
12000.0,0.25,3.0,50.0,1800.0,0.27743234236049524,0.4841814173202134,0.42800310736623703
