momentum_GeV,kinematic,with_attenuation
0.3,0.17953097485197428,0.5546873673752389
0.30941693051361646,0.17847005270972308,0.5444993397187847
0.3191294562948939,0.17737539360545637,0.5344171004832219
0.329146856010818,0.17624591346828017,0.5244436021515786
0.339478699583582,0.17508049286242408,0.5145812161699227
0.3501348573330203,0.1738779758181084,0.5048317590782445
0.36112550940602056,0.17263716862456244,0.4951965189797579
0.3724611555019234,0.17135683858420397,0.4856762820869536
0.38415262490319985,0.17003571272698614,0.476271359115381
0.3962110868209892,0.16867247648393588,0.4669816113270089
0.4086480610653817,0.16726577231892606,0.4578064760538819
0.42147542905063773,0.16581419831775043,0.44874499155953634
0.4347054451458595,0.1643163067336045,0.439795821120198
0.44835074838195715,0.16277060248811726,0.4309572762301411
0.46242437452609336,0.16117554162713435,0.42222733885578506
0.47693976853514264,0.15952952973051762,0.4136036826811792
0.49191079740006194,0.15783092027530568,0.40508369330360916
0.5073517633934421,0.156078012951668,0.39666448735221577
0.5232774177328983,0.15426905193120358,0.38834293051490915
0.5397029746733496,0.1524022240872537,0.38011565446959356
0.556644126041653,0.15047565716705613,0.3719790727249398
0.5741170562274764,0.14848741791573178,0.3639293953837826
0.5921384576447305,0.14643551015230177,0.35596264284882495
0.6107255466783321,0.14431787279815125,0.34807465849580893
0.6298960801315331,0.1421323778586246,0.340261120343821
0.6496683721895267,0.1398768283587246,0.3325175517560237
0.670061311915537,0.13754895623423,0.3248393312069885
0.6910943812961081,0.13514642017992165,0.3172217011550219
0.7127876738528289,0.1326668034570392,0.3096597760595585
0.735161913838277,0.13010761166257548,0.3021485495848966
0.7582384760345182,0.12746627046355885,0.2946829010323795
0.7820394061730767,0.12474012330008821,0.28725760104365283
0.8065874419958826,0.12192642906156963,0.2798673166179058
0.8319060349773189,0.11902235974137707,0.27250661548612065
0.8580193727281177,0.11602499807601054,0.2651699698853427
0.8849524021025094,0.11293133517579416,0.2578517597759189
0.9127308530307005,0.10973826815521488,0.2505462755445559
0.9413812630994473,0.10644259777220043,0.24324772023599198
0.9709310029042074,0.10304102608694762,0.23595021135607824
1.0014083021970903,0.09953015415238467,0.22864778228916835
1.0328422768555858,0.09590647974997218,0.22133438337296513
1.0652629566978342,0.09216639518634294,0.21400388267437637
1.0987013141710114,0.0883061851682714,0.20665006651055795
1.1331892939402366,0.08432202477564864,0.19926663976014694
1.168759843406268,0.0802099775545575,0.1918472260108064
1.2054469441811417,0.07596599375519585,0.18438536759056706
1.2432856445518254,0.071585908742309,0.176874525532153
1.2823120929628968,0.06706544160899869,0.1693080795215109
1.322563572550236,0.06240019402826566,0.16167932788413608
1.3640785367587225,0.05758564938047355,0.15398148766557826
1.4068966460779646,0.052617172199088555,0.1462076948656821
1.4510588059311522,0.0474900079815867,0.1383510048897387
1.4966072057532356,0.042199283417344,0.13040439328378944
1.5435853592957554,0.036740007089657606,0.12236075682586713
1.592038146196835,0.031107070714807384,0.11421291504999698
1.642011854856043,0.025295250987265355,0.10595361228531835
1.6935542266550896,0.019299212106821607,0.09757552029875037
1.746714501566598,0.013113509070510688,0.08907124163620857
1.8015434651945275,0.0067325918198096425,0.08043331376449012
1.8580934972911833,0.00015081034161878597,0.07165421412356598
1.9164186217971624,-0.006637579169976526,0.06272636620714175
1.9765745584520442,-0.013638406975260208,0.05364214679793737
2.038618776025128,-0.020857581148580648,0.04439389449313952
2.10261054721707,-0.028301077501412104,0.03497391966485087
2.168611005284871,-0.035974927924184906,0.025374516009985047
2.23668320244431,-0.043885206992319126,0.015587973853856745
2.306892170105614,-0.05203801667194723,0.005606595381516045
2.3793049809999163,-0.06043946895100666,-0.004577288019466533
2.4539908132558423,-0.06909566621198888,-0.014971296111804791
2.531021016487454,-0.07801267915382872,-0.025582977655298253
2.6104691799566715,-0.08719652206257594,-0.03641978553838632
2.692411202875303,-0.09665312522391913,-0.04748904897888837
2.776925366913834,-0.10638830426579413,-0.058797942573848676
2.8640924109862564,-0.11640772621666778,-0.07035345197616379
2.9539956083823697,-0.12671687206524573,-0.08216233597637451
3.0467208463212523,-0.13732099561093639,-0.09423108477226526
3.1423567080019006,-0.14822507840218876,-0.1065658742175613
3.2409945572294023,-0.15943378057259747,-0.11917251585487575
3.342728625697531,-0.1709513874034131,-0.1320564025581407
3.447656103011099,-0.1827817514667436,-0.14522244963702377
3.555877229534103,-0.19492823023746117,-0.1586750312915357
3.667495392152349,-0.2073936191046974,-0.17241791235022863
3.78261722304204,-0.22018007976709153,-0.18645417528142452
3.901352701538693,-0.23328906406083255,-0.20078614253498553
4.023815259203692,-0.24672123334719367,-0.2154152943534728
4.150121888188862,-0.2604763736778516,-0.23034218228731276
4.280393253002574,-0.2745533070627838,-0.2455663387597713
4.414753805784167,-0.2889497992877234,-0.2610861831549057
4.5533319051968135,-0.3036624648665166,-0.27689892504567887
4.696259939052385,-0.31868666986834354,-0.29300046534009017
4.8436744507855085,-0.33401643353015276,-0.30938529629995365
4.995716269897597,-0.3496443297497315,-0.3260464015785908
5.152530646495494,-0.36556138975264313,-0.3429751576281146
5.314267390053253,-0.381757007433942,-0.3601612380410598
5.481081012529618,-0.39821884908914124,-0.37759252261061377
5.653130875977931,-0.4149327694631965,-0.3952550131131491
5.830581344789478,-0.4318827362547222,-0.4131327580292068
6.013601942715716,-0.44905076540741296,-0.43120778861627607
6.202367514819392,-0.46641686969238505,-0.4494600689188741
6.397058394509283,-0.48395902322333345,-0.46786746243754723
6.597860575818086,-0.5016531446392399,-0.4864057182662533
6.8049658910881154,-0.5194731017243893,-0.5050484795342067
7.018572194234472,-0.5373907401996206,-0.5237673169403027
7.238883549760828,-0.5553759392992826,-0.5425317900326092
7.466110427708359,-0.573396696533374,-0.5613095386501052
7.700469904724082,-0.5914192437134452,-0.580066406598531
7.942185871440688,-0.6094081958866292,-0.5987665991697819
8.191489246365967,-0.6273267342704931,-0.6173728755311237
8.448618196486184,-0.6451368236131076,-0.635846776308285
8.713818364794138,-0.6627994636240692,-0.6541488858726143
8.987343104959276,-0.6802749732458202,-0.6722391279309503
9.269453723364053,-0.6975233055800538,-0.6900770920288999
9.56041972873773,-0.7145043902777569,-0.707622387542137
9.860519089626168,-0.7311784991767409,-0.7248350206812217
10.170038499943496,-0.7475066299663872,-0.7416757890142239
10.489273652859403,-0.7634509017192537,-0.7581066870632982
10.818529523283688,-0.7789749552991418,-0.7740913157036331
11.158120659217925,-0.7940443509812278,-0.7895952874329182
11.508371482252603,-0.808626955145337,-0.804586619130371
11.869616597496798,-0.8226933076660243,-0.819036103723836
12.242201113236453,-0.8362169616520433,-0.8329176522597429
12.626480970626673,-0.8491747875011426,-0.8462085982401532
13.02282328373298,-0.8615472338387569,-0.8588899567563109
13.431606690246388,-0.873318538791589,-0.8709466318966615
13.85322171320731,-0.8844768861850955,-0.8823675671118623
14.288071134083964,-0.8950145026091628,-0.8931458346382274
14.73657037756156,-0.904927692818379,-0.9032786616607247
15.199147908409946,-0.914216812562175,-0.9127673925740896
15.676245640808865,-0.9228861796096507,-0.921617388407485
16.1683193605218,-0.9309439253757276,-0.9298378661443352
16.67583916032178,-0.9384017911029809,-0.9374416822273293
17.199289889085097,-0.945274873946297,-0.9444450659282801
17.739171614981966,-0.951581329493773,-0.9508673094327541
18.296000103206644,-0.9573420381970367,-0.9567304224016789
18.870307308703378,-0.9625802438508967,-0.9620587594020183
19.462641884358874,-0.9673211726434622,-0.9668786289360245
20.073569705146905,-0.9715916413949311,-0.9712178928475136
20.70367440872559,-0.9754196634300818,-0.975105564660612
21.353557953003953,-0.9788340601108836,-0.9785714149386393
22.023841191210355,-0.9818640854246291,-0.981645591073504
22.715164465012197,-0.9845390702186033,-0.9843582580698303
23.4281882162535,-0.9868880917366712,-0.9867392659164607
24.16359361789479,-0.9889396730892277,-0.9888178480846842
24.922083224758065,-0.9907215162173281,-0.9906223545994904
25.704381644698444,-0.9922602708330542,-0.9921800220358382
26.51123623084379,-0.9935813407656071,-0.9935167817303079
27.343417795563564,-0.9947087281455378,-0.9946571064982346
28.20172134684892,-0.9956649149418348,-0.9956238952305928
29.086966847807755,-0.9964707805467841,-0.9964383939311626
30.0,-0.9971455533949212,-0.997120151055209
