zenith_deg,radius_m,kinematic,with_attenuation,with_plate,UMD,SD_count
35.0,200.0,0.027885315464710205,0.03030401648211108,0.04893527432187309,0.04881093177631171,0.03595558188607598
35.0,250.0,0.03451421973508421,0.03796496256063892,0.06122510287860481,0.06046360937751838,0.045016686179541555
35.0,300.0,0.041020822435519,0.04565070910347204,0.07352038113174493,0.07246496395537011,0.05409409270793203
35.0,350.0,0.047405560091644205,0.05335722206329488,0.08581319957883696,0.08442226226376796,0.0631820729706043
35.0,400.0,0.05366794036803373,0.06108044513869077,0.09809565540998938,0.09632725536098721,0.07227488720112758
35.0,450.0,0.05980692364423121,0.06881627066415547,0.11035983685833624,0.108177445354429,0.08136675932095148
35.0,500.0,0.06582114089987035,0.07656052840212611,0.12259782549262385,0.11996388623856116,0.09045186981039667
35.0,550.0,0.0717090269118939,0.08430898316226042,0.13480170728378452,0.13258325654710476,0.09952435739502327
35.0,600.0,0.07746890584991047,0.0920573371370501,0.14696358823701514,0.14333426237716673,0.10857832540800127
35.0,650.0,0.08309904836891348,0.09980123491398551,0.15907561245089352,0.15490662779184738,0.11760785075945325
35.0,700.0,0.0885977107616126,0.10753627007708591,0.171129981418752,0.16640288768515996,0.12660699439655856
35.0,750.0,0.09396316235212801,0.11525799278284575,0.18311897386208117,0.17781242616838744,0.13556981261054346
35.0,800.0,0.09919370492113914,0.12296191794322413,0.19503496563718123,0.1903824750810943,0.14449036879520638
35.0,850.0,0.10428768657803827,0.1306435337846584,0.20687044939731647,0.2003730860959831,0.15336274539877728
35.0,900.0,0.10924351167144165,0.13829831062961834,0.21861805377593704,0.21151465234788014,0.16218105588996484
35.0,950.0,0.11405964781691239,0.14592170979286223,0.23027056190890147,0.22256613358489977,0.17093945660612941
35.0,1000.0,0.11873463079189993,0.1535091925119936,0.24182092914842207,0.23351714499139584,0.1796321583809001
35.0,1050.0,0.1232670678310454,0.1610562288488925,0.25326229984656023,0.24437038306867376,0.18825343786750542
35.0,1100.0,0.12765563970858468,0.16855830650914908,0.26458802310547197,0.253488611698384,0.19679764848710532
35.0,1150.0,0.1318991018933992,0.1760109395337164,0.2757916674075782,0.26578172145222645,0.20525923094071802
35.0,1200.0,0.1359962849911731,0.18340967682153847,0.2868670340531728,0.27457776635892805,0.21363272323077237
35.0,1250.0,0.13994609463705196,0.19075011044542053,0.29780816934585924,0.2849673627762206,0.22191277014434316
35.0,1300.0,0.14374751096507957,0.19802788372595523,0.3086093754786917,0.29525687005885093,0.23009413215565788
35.0,1350.0,0.14739958775316553,0.20523869903059308,0.319265220085788,0.3054531219120068,0.23817169371052269
35.0,1400.0,0.15090145132174387,0.21237832526705916,0.32977054443573617,0.31554223430195505,0.24614047086037127
35.0,1450.0,0.15425229924848066,0.21944260504231808,0.3401204702543499,0.32553262066617183,0.25399561821846844
35.0,1500.0,0.15745139894933013,0.22642746146045492,0.3503104051752246,0.3333211535712675,0.26173243521585965
35.0,1550.0,0.1604980861667592,0.23332890453506971,0.36033604682695525,0.34306097914699657,0.2693463716394904
35.0,1600.0,0.16339176339833178,0.24014303719410315,0.3701933855758599,0.3504958829296972,0.27683303243995094
35.0,1650.0,0.16613189829298475,0.24686606085757232,0.37987870595241496,0.3599951598297248,0.28418818180124533
35.0,1700.0,0.16871802203728936,0.25349428057121076,0.3893885867983543,0.3694050972492075,0.29140774646979994
35.0,1750.0,0.17114972775005352,0.2600241096818504,0.39871990017942743,0.37636162613912744,0.2984878183448104
35.0,1800.0,0.17342666890024122,0.26645207404311033,0.40786980911605186,0.38554807298567556,0.30542465633661614
50.0,200.0,0.04744716015191651,0.05155974057141878,0.08318102917725484,0.08255778424828852,0.06508852142141709
50.0,250.0,0.05871734406250372,0.0645816716618806,0.10399612485468683,0.1029141467240201,0.08144998778979479
50.0,300.0,0.069774008361826,0.07763731718004314,0.124770105016961,0.123128884879172,0.09781663126259238
50.0,350.0,0.08061712664735386,0.09071801761162317,0.14547956981945342,0.1431837679670351,0.11417409322532152
50.0,400.0,0.09124516026930242,0.10381503524668212,0.16610132022961654,0.16305989314053557,0.13050800037510052
50.0,450.0,0.101655698446756,0.11691950203635525,0.18661239274263117,0.18274281446022045,0.14680393938827427
50.0,500.0,0.11184582018774392,0.13002239868492582,0.20699012382071144,0.20331567818464485,0.16304746295873915
50.0,550.0,0.12181231226676163,0.1431145496120067,0.22721222782899542,0.2214601488530973,0.1792241116249074
50.0,600.0,0.13155180626895807,0.1561866268566755,0.24725688067393242,0.241739548338816,0.19531944422493064
50.0,650.0,0.14106086715103572,0.1692291595077214,0.2671028048828475,0.26057612528089,0.21131907332283156
50.0,700.0,0.1503360512701057,0.18223254685181747,0.2867293535095814,0.2791451877896009,0.22720870355134384
50.0,750.0,0.15937394439539962,0.19518707421996634,0.306116591093269,0.2974385784526873,0.24297417160476414
50.0,800.0,0.1681711861584414,0.20808293091811528,0.3252453703697249,0.31544287547047595,0.2586014870233613
50.0,850.0,0.17672448506530453,0.22091022984264397,0.34409740372829534,0.3331549586724056,0.27407687313189183
50.0,900.0,0.18503062679616314,0.23365902849571485,0.3626553286098877,0.3522811138399886,0.28938680761878166
50.0,950.0,0.19308647764783682,0.24631935117475012,0.3809027661983188,0.36766246613272086,0.3045180623152006
50.0,1000.0,0.20088898441689854,0.25888121213848014,0.3988243728890743,0.38629177335539483,0.3194577417782093
50.0,1050.0,0.2084351716527783,0.27133463956227755,0.41640588413840635,0.4009158210004871,0.3341933203127899
50.0,1100.0,0.21572213696139514,0.28366970009567605,0.4336341504070572,0.4170655611579316,0.3487126770910437
50.0,1150.0,0.22274704486800362,0.29587652382940155,0.4504971650194914,0.4348942856674935,0.36300412904782253
50.0,1200.0,0.2295071196267443,0.30794532947138564,0.46698408386191037,0.4483889977984383,0.3770564612528185
50.0,1250.0,0.2359996372777469,0.31986644952230314,0.4830852369407209,0.4656627982826001,0.39085895448147734
50.0,1300.0,0.24222191718925362,0.33163035523333656,0.4987921319166616,0.4784152062345618,0.4044014097314549
50.0,1350.0,0.2481713132756388,0.34322768112220015,0.5140974498177662,0.4929460520085703,0.41767416945846536
50.0,1400.0,0.25384520504720404,0.3546492488195052,0.5289950332156297,0.5071518435867182,0.430668135334955
50.0,1450.0,0.2592409886211078,0.365886090015925,0.5434798672233287,0.5210435773383435,0.44337478236722005
50.0,1500.0,0.2643560678025663,0.3769294682824278,0.5575480537387754,0.5323369884190872,0.45578616924073256
50.0,1550.0,0.26918784532973034,0.3877708995406773,0.571196779413787,0.5478843387441945,0.4678949447993281
50.0,1600.0,0.2737337143633695,0.39840217096896646,0.5844242778760311,0.5585100866040629,0.4796943506008139
50.0,1650.0,0.27799105029288806,0.4088153581406311,0.5972297867681756,0.5711494558849891,0.4911782195289643
50.0,1700.0,0.2819572029223126,0.41900284020649864,0.6096135001956737,0.5811137938875507,0.502340970478995
50.0,1750.0,0.2856294890938103,0.4289573129505862,0.6215765171919893,0.5931509877373959,0.513177599170047
50.0,1800.0,0.2890051858009605,0.4386717995684716,0.6331207868177245,0.6049176737352661,0.5236836651729312
